"DATE","OPEN","HIGH","LOW","CLOSE","ADJ CLOSE","VOLUME"
"May 22, 2026",29444.00,29749.00,29436.00,29520.75,29520.75,483608
"May 21, 2026",29253.00,29554.00,29113.00,29447.25,29447.25,606377
"May 20, 2026",28929.75,29397.50,28797.25,29390.50,29390.50,606377
"May 19, 2026",29100.00,29188.50,28663.00,28924.25,28924.25,717466
"May 18, 2026",29135.00,29419.75,28814.75,29096.00,29096.00,854443
"May 15, 2026",29690.00,29734.00,29089.75,29231.75,29231.75,750779
"May 14, 2026",29537.00,29782.00,29448.25,29687.75,29687.75,611771
"May 13, 2026",29143.75,29565.50,29055.50,29479.25,29479.25,570739
"May 12, 2026",29399.00,29455.75,28742.00,29170.00,29170.00,719824
"May 11, 2026",29294.00,29480.00,29225.75,29424.00,29424.00,558723
"May 08, 2026",28582.00,29386.75,28541.00,29332.50,29332.50,543817
"May 07, 2026",28662.75,28944.75,28552.00,28682.25,28682.25,657049
"May 06, 2026",28250.00,28800.00,28243.00,28716.75,28716.75,637911
"May 05, 2026",27760.00,28247.00,27731.75,28136.00,28136.00,458058
"May 04, 2026",27890.00,27965.75,27613.00,27776.00,27776.00,576727
"May 01, 2026",27631.75,27917.00,27536.25,27835.75,27835.75,509821
"Apr 30, 2026",27207.00,27622.75,27163.25,27596.00,27596.00,701348
"Apr 29, 2026",27197.25,27414.00,27094.00,27325.25,27325.25,516846
"Apr 28, 2026",27423.00,27512.00,27009.50,27168.75,27168.75,603738
"Apr 27, 2026",27403.25,27542.50,27298.50,27440.50,27440.50,444514
"Apr 24, 2026",26992.00,27462.50,26992.00,27435.00,27435.00,545525
"Apr 23, 2026",27075.00,27155.75,26681.75,26934.00,26934.00,644095
"Apr 22, 2026",26729.50,27136.00,26727.75,27083.00,27083.00,512026
"Apr 21, 2026",26776.75,26901.75,26551.75,26634.75,26634.75,610696
"Apr 20, 2026",26599.75,26827.75,26535.00,26748.75,26748.75,502901
"Apr 17, 2026",26460.00,26884.75,26440.00,26825.50,26825.50,599136
"Apr 16, 2026",26350.00,26564.00,26275.50,26487.25,26487.25,590117
"Apr 15, 2026",25985.75,26377.50,25933.75,26365.50,26365.50,521771
"Apr 14, 2026",25575.25,26003.25,25560.00,25996.75,25996.75,477724
"Apr 13, 2026",24980.00,25599.25,24904.50,25543.50,25543.50,507117
"Apr 10, 2026",25237.00,25393.00,25193.00,25281.25,25281.25,430719
"Apr 09, 2026",25037.75,25269.75,24953.00,25251.50,25251.50,514186
"Apr 08, 2026",24514.00,25257.00,24355.00,25074.25,25074.25,644388
"Apr 07, 2026",24348.75,24451.50,23941.50,24371.00,24371.00,575961
"Apr 06, 2026",24093.50,24452.25,23981.50,24358.50,24358.50,444473
"Apr 02, 2026",24180.00,24266.75,23666.00,24218.00,24218.00,576893
"Apr 01, 2026",23889.00,24348.25,23880.00,24194.75,24194.75,579693
"Mar 31, 2026",23119.50,23975.25,22961.50,23915.00,23915.00,755160
"Mar 30, 2026",23189.50,23574.00,23024.50,23139.75,23139.75,559453
"Mar 27, 2026",23824.00,23976.00,23232.50,23328.50,23328.50,559271
"Mar 26, 2026",24373.50,24421.25,23763.25,23794.25,23794.25,557306
"Mar 25, 2026",24420.00,24539.75,24286.50,24367.75,24367.75,525449
"Mar 24, 2026",24417.25,24550.00,24134.00,24213.75,24213.75,544209
"Mar 23, 2026",23902.00,24763.00,23772.50,24408.25,24408.25,683625
"Mar 20, 2026",24417.25,24444.00,24108.75,24291.78,24291.78,611673
"Mar 19, 2026",24399.75,24505.25,24115.00,24364.00,24364.00,69553
"Mar 18, 2026",24796.00,24989.00,24350.00,24434.50,24434.50,126918
"Mar 17, 2026",24668.75,24896.00,24517.00,24795.50,24795.50,204810
"Mar 16, 2026",24285.00,24816.25,24278.00,24675.75,24675.75,413547
"Mar 13, 2026",24567.00,24805.25,24333.75,24394.25,24394.25,609146
"Mar 12, 2026",24934.50,24949.25,24517.75,24560.00,24560.00,565145
"Mar 11, 2026",25010.25,25180.00,24873.50,24983.50,24983.50,476593
"Mar 10, 2026",24981.50,25217.50,24830.00,24982.50,24982.50,564644
"Mar 09, 2026",24435.25,25058.00,24000.00,24991.00,24991.00,708630
"Mar 06, 2026",25019.75,25141.50,24601.00,24670.25,24670.25,645082
"Mar 05, 2026",25156.50,25250.00,24772.50,25049.50,25049.50,683962
"Mar 04, 2026",24710.75,25217.75,24499.00,25128.25,25128.25,603596
"Mar 03, 2026",25002.75,25011.00,24352.00,24755.75,24755.75,719421
"Mar 02, 2026",24682.50,25101.00,24477.00,25025.25,25025.25,627650
"Feb 27, 2026",25024.25,25098.75,24782.00,25004.75,25004.75,561211
"Feb 26, 2026",25388.25,25418.25,24861.75,25081.00,25081.00,605581
"Feb 25, 2026",25016.25,25494.75,24992.00,25382.00,25382.00,417621
"Feb 24, 2026",24788.00,25078.75,24694.50,25028.75,25028.75,520239
"Feb 23, 2026",25033.75,25059.75,24668.00,24762.75,24762.75,594568
"Feb 20, 2026",24837.75,25139.50,24678.50,25067.50,25067.50,615358
"Feb 19, 2026",24943.50,25054.00,24749.00,24858.75,24858.75,515038
"Feb 18, 2026",24773.75,25128.25,24700.75,24956.00,24956.00,540796
"Feb 17, 2026",24789.75,24922.25,24449.25,24767.75,24767.75,752646
"Feb 13, 2026",24842.25,24995.50,24578.75,24803.25,24803.25,688226
"Feb 12, 2026",25289.00,25419.75,24721.50,24768.00,24768.00,668338
"Feb 11, 2026",25259.00,25465.25,25058.25,25288.50,25288.50,531730
"Feb 10, 2026",25363.00,25447.25,25198.25,25218.25,25218.25,477554
"Feb 09, 2026",25153.75,25428.75,24955.50,25354.00,25354.00,492306
"Feb 06, 2026",24416.00,25222.00,24239.75,25163.25,25163.25,653956
"Feb 05, 2026",25061.75,25169.00,24407.25,24651.00,24651.00,774469
"Feb 04, 2026",25387.50,25514.25,24783.50,24999.25,24999.25,742646
"Feb 03, 2026",25876.50,26027.75,25219.00,25452.00,25452.00,696150
"Feb 02, 2026",25530.00,25949.50,25180.25,25850.00,25850.00,578865
"Jan 30, 2026",25998.50,26020.00,25568.75,25670.00,25670.00,712197
"Jan 29, 2026",26282.50,26296.00,25536.00,25999.25,25999.25,699097
"Jan 28, 2026",26111.25,26349.00,25993.25,26156.25,26156.25,511937
"Jan 27, 2026",25861.25,26118.00,25838.50,26073.00,26073.00,429460
"Jan 26, 2026",25585.50,25936.50,25365.25,25848.50,25848.50,450290
"Jan 23, 2026",25605.00,25845.75,25540.25,25738.25,25738.25,504901
"Jan 22, 2026",25529.50,25739.75,25483.75,25658.25,25658.25,533607
"Jan 21, 2026",25149.50,25653.50,25025.00,25471.00,25471.00,810753
"Jan 20, 2026",25471.00,25472.00,25095.25,25129.25,25129.25,864568
"Jan 16, 2026",25720.50,25891.00,25591.50,25689.00,25689.00,490573
"Jan 15, 2026",25593.00,25952.75,25562.50,25705.75,25705.75,591058
"Jan 14, 2026",25900.75,25925.75,25420.75,25631.00,25631.00,647871
"Jan 13, 2026",25953.50,26045.50,25803.25,25906.00,25906.00,560438
"Jan 12, 2026",25949.00,26020.50,25632.75,25956.75,25956.75,452996
"Jan 09, 2026",25725.00,25985.50,25615.50,25938.25,25938.25,509669
"Jan 08, 2026",25838.75,25849.75,25569.00,25687.50,25687.50,510805
"Jan 07, 2026",25831.25,25996.25,25727.00,25838.75,25838.75,477861
"Jan 06, 2026",25583.00,25837.75,25527.50,25822.00,25822.00,445573
"Jan 05, 2026",25431.75,25708.00,25406.50,25577.75,25577.75,461305
"Jan 02, 2026",25478.50,25803.75,25265.25,25385.25,25385.25,554838
"Dec 31, 2025",25683.25,25716.75,25429.00,25456.75,25456.75,329352
"Dec 30, 2025",25740.00,25793.75,25668.25,25675.25,25675.25,300558
"Dec 29, 2025",25863.25,25893.75,25648.00,25739.75,25739.75,347055
"Dec 26, 2025",25868.00,25935.25,25834.25,25863.25,25863.25,240485
"Dec 24, 2025",25815.75,25892.00,25777.50,25880.50,25880.50,163037
"Dec 23, 2025",25701.00,25822.50,25608.25,25812.25,25812.25,336346
"Dec 22, 2025",25635.25,25794.75,25628.00,25692.25,25692.25,367322
"Dec 19, 2025",25002.50,25160.00,24977.50,25132.79,25132.79,502611
"Dec 18, 2025",24744.00,25178.00,24675.50,25028.25,25028.25,111598
"Dec 17, 2025",25091.75,25266.00,24654.50,24668.75,24668.75,139991
"Dec 16, 2025",25101.25,25202.50,24828.00,25139.00,25139.00,247876
"Dec 15, 2025",25223.50,25410.00,25033.25,25093.25,25093.25,448073
"Dec 12, 2025",25701.00,25733.25,25118.00,25213.50,25213.50,760749
"Dec 11, 2025",25769.50,25861.50,25383.00,25713.50,25713.50,637723
"Dec 10, 2025",25680.00,25870.75,25528.75,25798.00,25798.00,556710
"Dec 09, 2025",25713.00,25735.75,25560.00,25699.75,25699.75,407387
"Dec 08, 2025",25750.00,25860.75,25564.75,25664.00,25664.00,473150
"Dec 05, 2025",25629.75,25868.00,25579.75,25732.00,25732.00,498264
"Dec 04, 2025",25650.25,25732.50,25488.75,25622.75,25622.75,509526
"Dec 03, 2025",25611.00,25685.25,25421.50,25657.50,25657.50,494194
"Dec 02, 2025",25411.50,25670.00,25324.75,25606.00,25606.00,561951
"Dec 01, 2025",25482.50,25546.00,25193.25,25391.25,25391.25,574734
"Nov 28, 2025",25313.00,25499.75,25285.75,25482.00,25482.00,199445
"Nov 26, 2025",25071.25,25376.00,25061.25,25302.25,25302.25,522196
"Nov 25, 2025",24966.25,25135.25,24602.00,25085.50,25085.50,629575
"Nov 24, 2025",24455.75,24993.50,24361.75,24948.25,24948.25,604148
"Nov 21, 2025",24110.00,24596.25,23904.50,24305.50,24305.50,918728
"Nov 20, 2025",24966.75,25310.00,24073.25,24131.50,24131.50,995836
"Nov 19, 2025",24551.00,24988.00,24445.00,24721.75,24721.75,770449
"Nov 18, 2025",24905.50,24959.50,24376.25,24595.75,24595.75,871074
"Nov 17, 2025",25142.25,25361.25,24731.75,24879.00,24879.00,738978
"Nov 14, 2025",25095.25,25293.25,24626.00,25094.00,25094.00,862322
"Nov 13, 2025",25624.00,25721.50,25002.50,25094.75,25094.75,775125
"Nov 12, 2025",25668.00,25830.00,25488.75,25623.75,25623.75,606259
"Nov 11, 2025",25722.25,25768.75,25478.50,25640.75,25640.75,537967
"Nov 10, 2025",25320.75,25760.50,25269.00,25714.50,25714.50,626203
"Nov 07, 2025",25314.75,25354.75,24709.25,25166.25,25166.25,765092
"Nov 06, 2025",25738.50,25822.25,25197.75,25244.25,25244.25,754444
"Nov 05, 2025",25545.00,25880.00,25282.00,25746.25,25746.25,618171
"Nov 04, 2025",26104.50,26104.50,25522.75,25575.25,25575.25,669483
"Nov 03, 2025",26028.25,26266.00,26012.75,26103.25,26103.25,0
"Oct 31, 2025",26150.50,26274.00,25888.75,26004.00,26004.00,597984
"Oct 30, 2025",26154.50,26399.00,25853.00,25882.75,25882.75,665782
"Oct 29, 2025",26179.75,26379.75,26049.25,26262.50,26262.50,557797
"Oct 28, 2025",26002.50,26231.50,25943.00,26163.50,26163.50,452121
"Oct 27, 2025",25723.50,26013.50,25700.00,25963.75,25963.75,435230
"Oct 24, 2025",25283.25,25570.75,25276.00,25509.25,25509.25,467727
"Oct 23, 2025",25012.25,25296.00,24937.00,25254.00,25254.00,527352
"Oct 22, 2025",25283.75,25338.25,24804.75,25039.25,25039.25,695128
"Oct 21, 2025",25326.75,25368.00,25203.25,25294.75,25294.75,441490
"Oct 20, 2025",25065.75,25354.50,24955.75,25305.25,25305.25,437206
"Oct 17, 2025",24793.75,25055.75,24410.00,24986.50,24986.50,743681
"Oct 16, 2025",24937.00,25179.50,24643.50,24831.25,24831.25,738759
"Oct 15, 2025",24754.00,25115.00,24663.25,24924.50,24924.50,637036
"Oct 14, 2025",24913.75,25044.25,24421.00,24762.50,24762.50,729059
"Oct 13, 2025",24542.00,24965.00,24542.00,24922.25,24922.25,934374
"Oct 10, 2025",25287.75,25388.00,24158.50,24397.00,24397.00,934374
"Oct 09, 2025",25351.50,25394.00,25160.75,25289.25,25289.25,500933
"Oct 08, 2025",25059.75,25364.75,25026.25,25331.00,25331.00,451309
"Oct 07, 2025",25184.50,25275.00,24984.75,25039.25,25039.25,539431
"Oct 06, 2025",25000.00,25252.75,24995.00,25184.75,25184.75,414908
"Oct 03, 2025",25101.50,25196.50,24923.25,24992.00,24992.00,490721
"Oct 02, 2025",25009.25,25180.00,24993.75,25110.00,25110.00,460294
"Oct 01, 2025",24843.00,25036.75,24633.25,25017.50,25017.50,474674
"Sep 30, 2025",24817.75,24913.75,24722.25,24901.75,24901.75,513254
"Sep 29, 2025",24726.50,24975.50,24721.75,24837.75,24837.75,508361
"Sep 26, 2025",24642.50,24747.50,24520.00,24726.75,24726.75,548790
"Sep 25, 2025",24746.00,24793.50,24422.50,24629.25,24629.25,710112
"Sep 24, 2025",24839.50,24913.50,24627.00,24739.25,24739.25,530441
"Sep 23, 2025",24995.00,25026.00,24780.50,24827.25,24827.25,564182
"Sep 22, 2025",24850.00,25027.25,24748.75,25003.00,25003.00,481197
"Sep 19, 2025",24468.25,24575.00,24412.50,24568.07,24568.07,505600
"Sep 18, 2025",24250.25,24569.50,24248.50,24460.25,24460.25,106669
"Sep 17, 2025",24290.00,24312.50,24003.75,24222.50,24222.50,171533
"Sep 16, 2025",24290.00,24403.50,24258.25,24284.00,24284.00,211077
"Sep 15, 2025",24115.25,24315.50,24076.00,24309.25,24309.25,366064
"Sep 12, 2025",24028.25,24159.00,23969.00,24113.25,24113.25,425565
"Sep 11, 2025",23853.75,24046.00,23838.00,24017.75,24017.75,445071
"Sep 10, 2025",23898.50,24044.25,23785.00,23877.75,23877.75,521709
"Sep 09, 2025",23799.00,23921.25,23726.00,23874.00,23874.00,473187
"Sep 08, 2025",23673.50,23888.00,23650.25,23799.75,23799.75,457632
"Sep 05, 2025",23700.00,23902.00,23505.00,23684.00,23684.00,674088
"Sep 04, 2025",23456.75,23708.75,23410.00,23668.00,23668.00,484986
"Sep 03, 2025",23382.00,23525.25,23298.25,23448.75,23448.75,563651
"Sep 02, 2025",23479.00,23552.50,23025.25,23275.00,23275.00,744115
"Aug 29, 2025",23760.50,23762.00,23397.50,23461.75,23461.75,0
"Aug 28, 2025",23542.25,23803.75,23487.50,23769.00,23769.00,486265
"Aug 27, 2025",23604.00,23689.00,23434.75,23628.75,23628.75,436560
"Aug 26, 2025",23505.75,23611.00,23371.50,23591.50,23591.50,443746
"Aug 25, 2025",23602.00,23616.25,23443.25,23498.25,23498.25,399485
"Aug 22, 2025",23225.25,23650.00,23076.75,23569.75,23569.75,490867
"Aug 21, 2025",23323.00,23369.25,23119.00,23219.75,23219.75,525924
"Aug 20, 2025",23461.00,23485.50,23035.00,23324.00,23324.00,713574
"Aug 19, 2025",23800.75,23838.00,23426.00,23469.50,23469.50,557582
"Aug 18, 2025",23795.00,23881.75,23719.00,23797.75,23797.75,399622
"Aug 15, 2025",23888.75,23963.00,23734.50,23804.00,23804.00,441888
"Aug 14, 2025",23927.75,24007.75,23793.25,23930.50,23930.50,492051
"Aug 13, 2025",23945.00,24068.50,23886.00,23946.50,23946.50,453506
"Aug 12, 2025",23635.00,23953.50,23596.00,23938.00,23938.00,488577
"Aug 11, 2025",23764.00,23804.50,23587.50,23637.50,23637.50,443981
"Aug 08, 2025",23518.25,23767.75,23503.00,23713.75,23713.75,454190
"Aug 07, 2025",23418.50,23671.00,23329.00,23496.25,23496.25,561716
"Aug 06, 2025",23091.75,23445.25,23045.50,23422.75,23422.75,527514
"Aug 05, 2025",23354.00,23404.25,23084.50,23132.00,23132.00,542676
"Aug 04, 2025",22850.00,23352.50,22821.75,23296.50,23296.50,472671
"Aug 01, 2025",23308.50,23347.50,22775.00,22883.75,22883.75,803558
"Jul 31, 2025",23705.00,23845.00,23290.50,23365.00,23365.00,739642
"Jul 30, 2025",23452.00,23689.00,23356.50,23480.50,23480.50,538732
"Jul 29, 2025",23504.25,23652.50,23421.25,23452.00,23452.00,538169
"Jul 28, 2025",23520.00,23585.25,23436.75,23491.25,23491.25,424393
"Jul 25, 2025",23391.50,23476.00,23330.75,23421.25,23421.25,395469
"Jul 24, 2025",23402.25,23424.50,23298.25,23377.50,23377.50,435559
"Jul 23, 2025",23191.25,23418.00,23146.75,23310.75,23310.75,512963
"Jul 22, 2025",23339.50,23367.00,23108.00,23226.25,23226.25,537829
"Jul 21, 2025",23232.50,23424.75,23203.75,23342.00,23342.00,398833
"Jul 18, 2025",23261.25,23320.75,23169.50,23224.25,23224.25,450704
"Jul 17, 2025",23065.50,23279.75,23017.00,23251.00,23251.00,445290
"Jul 16, 2025",23018.75,23100.00,22835.50,23076.50,23076.50,548602
"Jul 15, 2025",23034.25,23222.75,22996.00,23056.75,23056.75,524056
"Jul 14, 2025",22860.75,23066.50,22803.00,23035.50,23035.50,414465
"Jul 11, 2025",23011.75,23048.75,22831.50,22959.00,22959.00,461057
"Jul 10, 2025",23041.00,23090.00,22901.25,23013.25,23013.25,391782
"Jul 09, 2025",22906.50,23112.00,22843.50,23052.75,23052.75,450523
"Jul 08, 2025",22837.75,22972.75,22808.50,22896.75,22896.75,420913
"Jul 07, 2025",22970.00,23028.50,22779.75,22884.75,22884.75,537930
"Jul 04, 2025",23059.25,23062.50,22882.00,22906.75,22906.75,0
"Jul 03, 2025",22845.00,23102.50,22827.00,23062.50,23062.50,0
"Jul 02, 2025",22694.50,22858.75,22582.00,22843.00,22843.00,408882
"Jul 01, 2025",22867.50,22914.75,22594.50,22692.75,22692.75,495079
"Jun 30, 2025",22751.50,22934.75,22751.50,22893.25,22893.25,434250
"Jun 27, 2025",22676.25,22825.50,22600.00,22751.50,22751.50,487835
"Jun 26, 2025",22461.25,22694.00,22437.75,22669.25,22669.25,422397
"Jun 25, 2025",22412.00,22548.25,22384.50,22461.00,22461.00,397611
"Jun 24, 2025",22079.00,22448.25,22065.75,22412.75,22412.75,447975
"Jun 23, 2025",21648.25,22093.00,21566.75,22073.50,22073.50,549766
"Jun 20, 2025",21731.00,21896.50,21435.50,21889.89,21889.89,649884
"Jun 18, 2025",21705.00,21872.50,21640.50,21720.25,21720.25,0
"Jun 17, 2025",21950.00,21952.00,21685.00,21730.50,21730.50,173026
"Jun 16, 2025",21554.00,21999.50,21501.75,21941.50,21941.50,336301
"Jun 13, 2025",21909.00,21915.75,21471.00,21644.25,21644.25,556189
"Jun 12, 2025",21871.00,21977.25,21713.25,21932.50,21932.50,397839
"Jun 11, 2025",21945.75,22106.00,21790.75,21887.50,21887.50,523556
"Jun 10, 2025",21824.00,21992.25,21732.00,21962.50,21962.50,439539
"Jun 09, 2025",21799.25,21890.75,21716.00,21821.50,21821.50,354827
"Jun 06, 2025",21471.00,21873.50,21471.00,21789.50,21789.50,466591
"Jun 05, 2025",21744.75,21935.00,21503.50,21582.25,21582.25,0
"Jun 04, 2025",21688.25,21803.00,21641.00,21766.50,21766.50,403012
"Jun 03, 2025",21555.00,21759.75,21399.25,21706.00,21706.00,427859
"Jun 02, 2025",21303.75,21576.25,21163.00,21534.50,21534.50,434593
"May 30, 2025",21371.25,21433.50,21071.50,21376.75,21376.75,551092
"May 29, 2025",21513.00,21858.75,21301.00,21408.50,21408.50,563888
"May 28, 2025",21480.00,21567.50,21321.25,21379.75,21379.75,421653
"May 27, 2025",20978.00,21488.50,20954.25,21460.50,21460.50,531358
"May 23, 2025",21223.75,21236.00,20727.00,20975.00,20975.00,528055
"May 22, 2025",21145.00,21337.50,21040.00,21178.25,21178.25,512634
"May 21, 2025",21414.75,21558.50,21072.75,21156.75,21156.75,605668
"May 20, 2025",21513.00,21562.25,21298.00,21447.25,21447.25,437865
"May 19, 2025",21310.75,21544.50,21112.50,21527.00,21527.00,520282
"May 16, 2025",21396.00,21512.00,21320.25,21506.00,21506.00,419242
"May 15, 2025",21379.75,21529.75,21192.00,21400.25,21400.25,542990
"May 14, 2025",21250.00,21419.50,21238.25,21392.50,21392.50,513593
"May 13, 2025",20954.75,21346.50,20818.00,21278.00,21278.00,526706
"May 12, 2025",20398.50,20996.00,20376.75,20948.75,20948.75,638564
"May 09, 2025",20157.00,20288.75,20058.00,20136.75,20136.75,453686
"May 08, 2025",19934.50,20337.25,19910.75,20148.00,20148.00,567597
"May 07, 2025",19809.00,20133.75,19678.75,19961.00,19961.00,597360
"May 06, 2025",20014.25,20036.75,19739.00,19876.50,19876.50,514526
"May 05, 2025",20181.50,20201.75,19966.00,20055.50,20055.50,418875
"May 02, 2025",19782.50,20276.75,19749.50,20195.25,20195.25,517806
"May 01, 2025",19834.00,20125.75,19757.25,19870.75,19870.75,588901
"Apr 30, 2025",19599.75,19880.00,19103.75,19658.50,19658.50,713642
"Apr 29, 2025",19478.25,19688.50,19378.00,19642.00,19642.00,565539
"Apr 28, 2025",19524.50,19623.00,19257.25,19528.00,19528.00,514474
"Apr 25, 2025",19405.00,19589.00,19216.25,19535.25,19535.25,587589
"Apr 24, 2025",18826.50,19418.00,18594.75,19322.00,19322.00,599457
"Apr 23, 2025",18646.00,19165.50,18623.75,18804.00,18804.00,733977
"Apr 22, 2025",17914.00,18514.00,17863.75,18385.00,18385.00,619146
"Apr 21, 2025",18306.25,18383.50,17700.00,17922.25,17922.25,484750
"Apr 17, 2025",18391.25,18652.75,18261.50,18380.75,18380.75,629368
"Apr 16, 2025",18790.00,18861.25,18116.25,18385.25,18385.25,683175
"Apr 15, 2025",18902.50,19144.75,18809.00,18960.25,18960.25,525790
"Apr 14, 2025",19225.00,19256.00,18737.50,18934.75,18934.75,570510
"Apr 11, 2025",18464.75,18873.50,18067.00,18807.50,18807.50,667630
"Apr 10, 2025",19266.75,19383.50,17919.00,18484.50,18484.50,975104
"Apr 09, 2025",17220.25,19386.75,16735.00,19288.75,19288.75,1086917
"Apr 08, 2025",17665.00,18357.25,16973.50,17243.75,17243.75,956641
"Apr 07, 2025",17100.00,18361.50,16460.00,17563.25,17563.25,1140389
"Apr 04, 2025",18660.00,18713.00,17387.50,17539.00,17539.00,1199851
"Apr 03, 2025",19020.00,19177.00,18614.00,18675.50,18675.50,893793
"Apr 02, 2025",19600.50,20044.25,19076.75,19758.00,19758.00,835319
"Apr 01, 2025",19411.25,19644.00,19261.25,19604.50,19604.50,790964
"Mar 31, 2025",19319.75,19489.75,18976.75,19439.50,19439.50,842547
"Mar 28, 2025",19995.25,20011.75,19357.50,19457.00,19457.00,696397
"Mar 27, 2025",20046.00,20199.50,19937.25,19990.25,19990.25,634738
"Mar 26, 2025",20511.50,20536.75,20045.00,20116.50,20116.50,620685
"Mar 25, 2025",20353.00,20524.75,20293.00,20488.50,20488.50,470886
"Mar 24, 2025",20050.50,20409.50,20050.50,20374.25,20374.25,555043
"Mar 21, 2025",19690.75,19728.75,19408.00,19450.81,19450.81,605235
"Mar 20, 2025",19746.75,19898.75,19530.25,19678.50,19678.50,116159
"Mar 19, 2025",19496.75,19935.00,19455.50,19746.75,19746.75,210518
"Mar 18, 2025",19821.00,19858.00,19397.75,19496.75,19496.75,360195
"Mar 17, 2025",19668.25,19959.25,19550.50,19831.75,19831.75,584953
"Mar 14, 2025",19312.75,19742.50,19296.75,19712.00,19712.00,742663
"Mar 13, 2025",19572.00,19694.00,19170.00,19249.00,19249.00,761160
"Mar 12, 2025",19412.75,19788.75,19387.00,19618.50,19618.50,702688
"Mar 11, 2025",19440.00,19686.75,19139.25,19399.00,19399.00,857876
"Mar 10, 2025",20147.00,20156.50,19272.25,19452.75,19452.75,798366
"Mar 07, 2025",20214.50,20286.25,19765.50,20229.75,20229.75,763257
"Mar 06, 2025",20605.25,20647.50,20003.00,20089.25,20089.25,763150
"Mar 05, 2025",20555.00,20725.00,20215.00,20665.00,20665.00,783638
"Mar 04, 2025",20527.00,20732.50,20075.25,20399.00,20399.00,958071
"Mar 03, 2025",21005.25,21121.00,20316.75,20468.25,20468.25,833041
"Feb 28, 2025",20649.50,20944.25,20460.50,20919.50,20919.50,845890
"Feb 27, 2025",21249.00,21386.50,20583.25,20605.75,20605.75,854180
"Feb 26, 2025",21230.50,21409.25,21055.00,21187.00,21187.00,646236
"Feb 25, 2025",21442.50,21453.75,20990.00,21149.00,21149.00,805678
"Feb 24, 2025",21700.75,21813.00,21407.50,21420.25,21420.25,670634
"Feb 21, 2025",22136.00,22245.50,21652.75,21679.25,21679.25,708349
"Feb 20, 2025",22213.00,22235.50,21951.00,22141.75,22141.75,563585
"Feb 19, 2025",22224.50,22299.75,22118.00,22250.50,22250.50,496442
"Feb 18, 2025",22235.75,22319.75,22102.75,22232.25,22232.25,567203
"Feb 14, 2025",22071.00,22225.00,22042.50,22196.25,22196.25,433212
"Feb 13, 2025",21861.25,22124.00,21753.00,22113.25,22113.25,536739
"Feb 12, 2025",21794.25,21862.50,21510.75,21804.75,21804.75,545408
"Feb 11, 2025",21832.00,21871.50,21669.50,21786.75,21786.75,423200
"Feb 10, 2025",21463.25,21894.00,21418.00,21846.50,21846.50,391625
"Feb 07, 2025",21817.75,21968.00,21552.75,21590.75,21590.75,598869
"Feb 06, 2025",21764.50,21882.25,21705.75,21871.75,21871.75,438729
"Feb 05, 2025",21562.00,21795.00,21429.75,21763.00,21763.00,497655
"Feb 04, 2025",21592.00,21694.00,21242.50,21670.25,21670.25,497143
"Feb 03, 2025",21200.00,21579.75,20943.00,21405.00,21405.00,728140
"Jan 31, 2025",21680.00,21966.00,21533.75,21589.25,21589.25,655811
"Jan 30, 2025",21547.75,21748.75,21419.50,21624.75,21624.75,618073
"Jan 29, 2025",21559.00,21697.00,21367.00,21523.25,21523.25,629631
"Jan 28, 2025",21343.25,21626.00,21159.50,21581.75,21581.75,663336
"Jan 27, 2025",21771.00,21771.00,20763.75,21258.50,21258.50,1056136
"Jan 24, 2025",22018.50,22078.25,21844.00,21911.25,21911.25,522901
"Jan 23, 2025",21981.75,22050.50,21855.50,22038.25,22038.25,476286
"Jan 22, 2025",21809.25,22093.50,21768.25,22000.50,22000.50,508606
"Jan 21, 2025",21600.00,21783.50,21377.75,21709.50,21709.50,662316
"Jan 17, 2025",21227.50,21682.50,21209.25,21594.75,21594.75,594110
"Jan 16, 2025",21389.00,21567.25,21172.25,21249.75,21249.75,598631
"Jan 15, 2025",20977.00,21452.75,20909.00,21400.25,21400.25,551806
"Jan 14, 2025",21020.00,21143.75,20773.50,20919.50,20919.50,676188
"Jan 13, 2025",21027.50,21037.00,20694.00,20947.25,20947.25,617059
"Jan 10, 2025",21302.75,21372.50,20874.75,21016.00,21016.00,703964
"Jan 09, 2025",21334.75,21347.25,21218.00,21301.50,21301.50,77170
"Jan 08, 2025",21380.75,21448.25,21166.25,21360.75,21360.75,637114
"Jan 07, 2025",21781.25,21806.00,21279.50,21359.75,21359.75,645144
"Jan 06, 2025",21532.25,21896.75,21478.25,21744.50,21744.50,574300
"Jan 03, 2025",21186.75,21559.25,21144.00,21516.50,21516.50,488243
"Jan 02, 2025",21269.00,21490.50,20983.75,21167.50,21167.50,664742
"Dec 31, 2024",21390.25,21524.75,21182.00,21226.50,21226.50,477280
"Dec 30, 2024",21711.00,21742.75,21253.00,21416.25,21416.25,530975
"Dec 27, 2024",21990.75,22008.00,21498.75,21698.50,21698.50,572604
"Dec 26, 2024",22049.50,22111.25,21870.25,22008.00,22008.00,407116
"Dec 24, 2024",21743.25,22049.75,21709.00,22028.50,22028.50,261201
"Dec 23, 2024",21566.00,21776.75,21476.75,21753.25,21753.25,508598
"Dec 20, 2024",21151.50,21151.50,20745.00,20947.98,20947.98,864714
"Dec 19, 2024",21218.50,21424.25,21080.00,21112.75,21112.75,124728
"Dec 18, 2024",22010.00,22083.75,21034.25,21218.75,21218.75,209588
"Dec 17, 2024",22115.00,22124.50,21942.25,22014.75,22014.75,277298
"Dec 16, 2024",21780.25,22152.50,21762.00,22110.25,22110.25,482433
"Dec 13, 2024",21720.75,21908.00,21666.50,21795.75,21795.75,639403
"Dec 12, 2024",21756.75,21772.50,21604.25,21651.25,21651.25,510307
"Dec 11, 2024",21436.00,21820.00,21405.75,21793.50,21793.50,547213
"Dec 10, 2024",21479.25,21606.75,21352.75,21405.25,21405.25,544406
"Dec 09, 2024",21649.00,21706.25,21436.00,21483.75,21483.75,517123
"Dec 06, 2024",21450.00,21669.25,21424.75,21656.75,21656.75,459878
"Dec 05, 2024",21513.25,21567.25,21437.50,21473.25,21473.25,421035
"Dec 04, 2024",21323.00,21548.50,21305.75,21536.50,21536.50,461922
"Dec 03, 2024",21220.00,21329.00,21134.25,21281.50,21281.50,444143
"Dec 02, 2024",20995.25,21259.75,20940.00,21218.00,21218.00,475464
"Nov 29, 2024",20813.00,21017.50,20805.50,20993.50,20993.50,339955
"Nov 27, 2024",20990.75,21019.00,20675.00,20813.00,20813.00,520026
"Nov 26, 2024",20906.25,21024.75,20755.00,20993.50,20993.50,505254
"Nov 25, 2024",20935.00,21081.00,20780.25,20880.25,20880.25,544568
"Nov 22, 2024",20794.00,20880.00,20693.25,20849.75,20849.75,541554
"Nov 21, 2024",20738.00,20905.75,20514.25,20829.50,20829.50,698342
"Nov 20, 2024",20762.25,20843.25,20477.00,20749.00,20749.00,619493
"Nov 19, 2024",20633.25,20792.50,20382.50,20767.75,20767.75,553617
"Nov 18, 2024",20504.00,20724.25,20476.00,20633.50,20633.50,525474
"Nov 15, 2024",20977.50,20981.50,20405.25,20493.75,20493.75,691851
"Nov 14, 2024",21167.00,21190.25,20950.50,21011.75,21011.75,561950
"Nov 13, 2024",21178.00,21268.50,21056.50,21159.50,21159.50,533739
"Nov 12, 2024",21221.00,21251.75,21054.75,21189.50,21189.50,511372
"Nov 11, 2024",21249.75,21340.75,21098.25,21217.75,21217.75,456006
"Nov 08, 2024",21224.25,21265.00,21121.75,21231.25,21231.25,401943
"Nov 07, 2024",20923.50,21253.00,20861.50,21224.75,21224.75,462805
"Nov 06, 2024",20360.50,20935.25,20323.50,20894.00,20894.00,632408
"Nov 05, 2024",20130.75,20385.50,20041.75,20341.75,20341.75,450115
"Nov 04, 2024",20138.00,20248.50,20013.00,20086.00,20086.00,520521
"Nov 01, 2024",20071.00,20288.00,20017.00,20153.25,20153.25,554025
"Oct 31, 2024",20482.00,20495.75,20008.50,20021.75,20021.75,686677
"Oct 30, 2024",20734.00,20788.50,20472.50,20534.75,20534.75,519409
"Oct 29, 2024",20513.00,20760.25,20432.25,20696.50,20696.50,498020
"Oct 28, 2024",20525.50,20676.50,20486.00,20497.00,20497.00,430120
"Oct 25, 2024",20388.50,20707.25,20364.00,20498.75,20498.75,585929
"Oct 24, 2024",20294.25,20428.50,20261.75,20380.25,20380.25,462552
"Oct 23, 2024",20521.00,20542.50,20079.00,20220.50,20220.50,619162
"Oct 22, 2024",20536.50,20602.25,20360.25,20542.00,20542.00,476324
"Oct 21, 2024",20496.25,20554.50,20343.75,20519.50,20519.50,456078
"Oct 18, 2024",20384.00,20529.75,20320.75,20483.50,20483.50,385566
"Oct 17, 2024",20328.00,20594.75,20276.75,20368.00,20368.00,535486
"Oct 16, 2024",20334.50,20398.50,20206.25,20349.50,20349.50,417571
"Oct 15, 2024",20638.75,20659.25,20254.00,20342.00,20342.00,522391
"Oct 14, 2024",20432.50,20680.00,20383.25,20619.25,20619.25,395756
"Oct 11, 2024",20435.00,20494.25,20314.75,20450.00,20450.00,385312
"Oct 10, 2024",20445.25,20508.25,20301.50,20429.75,20429.75,450569
"Oct 09, 2024",20294.25,20482.75,20196.00,20463.50,20463.50,421249
"Oct 08, 2024",20025.75,20329.50,19902.50,20298.50,20298.50,444750
"Oct 07, 2024",20220.00,20267.25,19948.00,19992.75,19992.75,450371
"Oct 04, 2024",19965.50,20263.75,19941.50,20227.25,20227.25,560070
"Oct 03, 2024",20055.50,20113.75,19852.00,19990.25,19990.25,526765
"Oct 02, 2024",19975.25,20090.25,19833.50,20009.75,20009.75,475599
"Oct 01, 2024",20234.25,20331.75,19818.00,19975.00,19975.00,662776
"Sep 30, 2024",20198.50,20287.00,20056.00,20261.25,20261.25,510434
"Sep 27, 2024",20345.00,20395.75,20173.00,20221.50,20221.50,435634
"Sep 26, 2024",20242.00,20538.00,20188.00,20346.25,20346.25,509755
"Sep 25, 2024",20183.75,20271.00,20064.25,20192.00,20192.00,405050
"Sep 24, 2024",20063.25,20214.75,19953.00,20167.75,20167.75,457126
"Sep 23, 2024",20040.00,20164.00,19955.25,20080.00,20080.00,394947
"Sep 20, 2024",19831.25,19838.25,19746.50,19808.01,19808.01,479646
"Sep 19, 2024",19420.50,19966.25,19408.75,19850.25,19850.25,134917
"Sep 18, 2024",19451.00,19660.00,19331.00,19349.25,19349.25,138848
"Sep 17, 2024",19426.50,19615.50,19341.00,19439.25,19439.25,254059
"Sep 16, 2024",19498.00,19546.50,19299.25,19433.00,19433.00,339781
"Sep 13, 2024",19419.50,19577.25,19398.25,19530.25,19530.25,467948
"Sep 12, 2024",19241.50,19483.50,19185.00,19447.25,19447.25,581032
"Sep 11, 2024",18837.75,19293.50,18547.00,19271.00,19271.00,729344
"Sep 10, 2024",18727.00,18878.50,18582.25,18864.00,18864.00,536220
"Sep 09, 2024",18400.00,18734.50,18386.00,18692.25,18692.25,726350
"Sep 06, 2024",18921.00,18972.25,18339.75,18458.25,18458.25,726350
"Sep 05, 2024",18965.75,19150.50,18827.25,18963.50,18963.50,585125
"Sep 04, 2024",18993.75,19114.75,18825.75,18962.50,18962.50,582116
"Sep 03, 2024",19599.00,19683.00,18911.00,19006.50,19006.50,698442
"Aug 30, 2024",19445.75,19632.75,19370.50,19623.00,19623.00,495609
"Aug 29, 2024",19217.00,19693.50,19140.25,19393.25,19393.25,669705
"Aug 28, 2024",19635.50,19691.00,19227.25,19415.75,19415.75,537278
"Aug 27, 2024",19558.75,19694.25,19441.50,19653.75,19653.75,441146
"Aug 26, 2024",19787.75,19846.25,19505.50,19591.25,19591.25,473540
"Aug 23, 2024",19621.50,19904.25,19591.75,19790.75,19790.75,581201
"Aug 22, 2024",19921.25,20025.25,19542.00,19578.25,19578.25,630179
"Aug 21, 2024",19803.00,19981.75,19771.50,19909.50,19909.50,479077
"Aug 20, 2024",19857.75,19931.00,19743.00,19809.50,19809.50,485435
"Aug 19, 2024",19629.00,19871.75,19525.25,19857.75,19857.75,429305
"Aug 16, 2024",19570.25,19683.00,19447.50,19605.75,19605.75,458933
"Aug 15, 2024",19142.50,19603.25,19100.50,19581.25,19581.25,522322
"Aug 14, 2024",19099.25,19203.50,18925.50,19115.00,19115.00,553997
"Aug 13, 2024",18648.25,19122.50,18628.50,19104.25,19104.25,497670
"Aug 12, 2024",18590.00,18765.25,18515.00,18639.50,18639.50,469892
"Aug 09, 2024",18550.25,18674.50,18383.00,18616.00,18616.00,501761
"Aug 08, 2024",17873.00,18593.50,17741.75,18525.25,18525.25,663957
"Aug 07, 2024",18033.00,18558.50,17836.25,17966.50,17966.50,725244
"Aug 06, 2024",18165.75,18483.25,17966.00,18179.00,18179.00,697089
"Aug 05, 2024",18390.00,18390.00,17351.00,18013.25,18013.25,937137
"Aug 02, 2024",18956.50,18979.75,18385.75,18556.25,18556.25,842228
"Aug 01, 2024",19593.25,19717.00,18854.00,19023.25,19023.25,920616
"Jul 31, 2024",18865.75,19648.00,18861.75,19505.25,19505.25,762246
"Jul 30, 2024",19217.00,19319.75,18725.00,18936.25,18936.25,745002
"Jul 29, 2024",19171.75,19377.25,19113.25,19209.25,19209.25,600017
"Jul 26, 2024",19003.00,19297.75,18995.00,19174.50,19174.50,694702
"Jul 25, 2024",19260.00,19390.50,18883.25,18992.25,18992.25,992015
"Jul 24, 2024",19883.00,19883.00,19168.75,19203.25,19203.25,846812
"Jul 23, 2024",19982.00,20084.75,19868.25,19925.00,19925.00,601990
"Jul 22, 2024",19749.00,20044.75,19718.75,20001.00,20001.00,657854
"Jul 19, 2024",19955.00,19979.75,19654.00,19713.00,19713.00,774109
"Jul 18, 2024",20024.25,20162.50,19758.75,19899.25,19899.25,964287
"Jul 17, 2024",20591.00,20597.75,19965.75,19997.50,19997.50,854323
"Jul 16, 2024",20628.00,20684.50,20464.50,20598.00,20598.00,629745
"Jul 15, 2024",20580.00,20797.00,20506.25,20583.75,20583.75,703410
"Jul 12, 2024",20432.75,20741.00,20335.00,20524.00,20524.00,724343
"Jul 11, 2024",20895.50,20983.75,20377.25,20441.75,20441.75,906128
"Jul 10, 2024",20686.00,20916.75,20684.50,20899.75,20899.75,576694
"Jul 09, 2024",20681.00,20771.75,20615.75,20678.50,20678.50,569689
"Jul 08, 2024",20591.50,20688.00,20579.25,20659.75,20659.75,497107
"Jul 05, 2024",20419.25,20639.50,20361.00,20620.75,20620.75,600207
"Jul 03, 2024",20241.00,20435.25,20205.00,20411.50,20411.50,395129
"Jul 02, 2024",20045.75,20259.25,19910.00,20255.25,20255.25,621477
"Jul 01, 2024",19970.00,20074.00,19811.75,20052.00,20052.00,639341
"Jun 28, 2024",20063.25,20273.25,19906.25,19927.25,19927.25,750324
"Jun 27, 2024",19946.00,20116.75,19874.25,20039.50,20039.50,589649
"Jun 26, 2024",19973.00,20070.50,19901.00,20012.50,20012.50,590175
"Jun 25, 2024",19756.00,19981.25,19726.00,19972.25,19972.25,574518
"Jun 24, 2024",20014.75,20030.25,19728.00,19750.75,19750.75,683900
"Jun 21, 2024",19781.25,19819.25,19687.50,19747.29,19747.29,590839
"Jun 20, 2024",19930.25,20095.00,19694.25,19763.25,19763.25,157046
"Jun 18, 2024",19918.50,19996.50,19851.75,19919.25,19919.25,201834
"Jun 17, 2024",19695.00,20001.00,19640.50,19921.25,19921.25,423232
"Jun 14, 2024",19602.75,19699.50,19501.50,19685.50,19685.50,584288
"Jun 13, 2024",19602.00,19691.00,19500.00,19602.50,19602.50,584725
"Jun 12, 2024",19248.00,19612.25,19233.50,19496.50,19496.50,691079
"Jun 11, 2024",19107.25,19257.50,18994.50,19242.25,19242.25,564706
"Jun 10, 2024",19025.00,19129.75,18974.25,19109.75,19109.75,571666
"Jun 07, 2024",19064.00,19155.00,18940.00,19037.75,19037.75,612033
"Jun 06, 2024",19089.50,19124.50,19017.25,19060.25,19060.25,524900
"Jun 05, 2024",18711.00,19090.50,18696.25,19074.25,19074.25,575227
"Jun 04, 2024",18662.50,18753.25,18511.25,18701.00,18701.00,616703
"Jun 03, 2024",18590.25,18755.50,18435.75,18646.25,18646.25,669104
"May 31, 2024",18590.75,18668.25,18241.25,18591.00,18591.00,834003
"May 30, 2024",18753.00,18787.00,18546.25,18606.50,18606.50,619548
"May 29, 2024",18949.50,18949.75,18740.00,18802.75,18802.75,573938
"May 28, 2024",18874.75,18980.50,18819.50,18940.50,18940.50,642954
"May 24, 2024",18684.00,18926.00,18680.00,18876.00,18876.00,552083
"May 23, 2024",18860.50,19023.25,18621.50,18696.25,18696.25,851576
"May 22, 2024",18798.25,18891.00,18684.25,18786.75,18786.75,578439